Domain name,Alexa Rank,SimilarWeb Rank,SimilarWeb Country Rank,Visits,Top Country,Category,Time On Site,Pages Per Visit,Earnings estimate (3 weeks),,,
uptobox.com,755,1184,250,"60,454,462",France,Internet_and_Telecom,0:03:22,2.81,"$3,354.72","$43,036.78",,
cinecalidad.to,1025,2351,484,"27,601,513",Mexico,Arts_and_Entertainment/Movies,0:04:17,4.44,"$1,948.69",,Avg hashes per second,30.00
thebay.tv,2203,3295,356,"17,645,511",India,Internet_and_Telecom/File_Sharing,0:04:49,5.78,"$1,400.91",,Monero price,$90.00
xpau.se,1904,5711,840,"14,859,984",United States,Internet_and_Telecom/File_Sharing,0:03:33,3.05,$869.51,,Global difficulty,"30,436,857,905"
kickass.cd,2814,4533,840,"14,070,809",United States,Internet_and_Telecom/File_Sharing,0:04:45,4.94,"$1,101.64",,Block reward,6.32
laguaz.net,27339,5421,360,"11,829,627",Indonesia,Arts_and_Entertainment/Music_and_Audio,0:03:48,4.47,$740.94,,CoinHive commission,30.00%
moonbit.co.in,4800,5785,643,"11,565,995",Russian Federation,Finance/Financial_Management,0:26:02,6.12,"$4,962.96",,Days,21
plusdede.com,8099,7016,724,"10,630,707",Spain,Arts_and_Entertainment/TV_and_Video,0:06:14,4.92,"$1,092.22",,,
xmoviesforyou.com,7549,5489,840,"10,485,638",United States,Internet_and_Telecom,0:06:17,7.18,"$1,085.96",,,
thepiratefilmeshd.com,4066,7803,76,"9,400,339",Brazil,Arts_and_Entertainment/Movies,0:03:23,3.61,$524.22,,,
fuskator.com,5591,4288,840,"8,800,078",United States,Adult,0:07:37,14.11,"$1,104.79",,,
tubeoffline.com,5106,8866,840,"7,390,256",United States,Arts_and_Entertainment/TV_and_Video,0:07:58,5.18,$970.43,,,
seriesdanko.to,10238,10456,724,"7,055,800",Spain,Arts_and_Entertainment/TV_and_Video,0:04:31,4.54,$525.28,,,
faucethub.io,5266,8498,76,"6,920,489",Brazil,Finance/Investing,0:27:59,7.66,"$3,192.01",,,
humoron.com,13804,15730,840,"6,470,511",United States,Adult,0:02:26,1.94,$259.52,,,
mobypicture.com,59496,18059,484,"6,387,903",Mexico,Arts_and_Entertainment/Photography,0:00:51,1.38,$89.50,,,
ed-protect.org,10576,13522,250,"6,081,427",France,Internet_and_Telecom,0:02:32,3.33,$253.94,,,
tpb.tw,5466,9688,356,"5,919,809",India,Internet_and_Telecom/File_Sharing,0:05:06,6.44,$497.63,,,
sugklonistiko.gr,1231,16302,300,"5,902,749",Greece,News_and_Media/Magazines_and_E-Zines,0:03:04,2.18,$298.37,,,
extratorrent.cd,7540,13277,356,"5,182,066",India,Internet_and_Telecom/File_Sharing,0:04:54,4.54,$418.53,,,
proxyspotting.in,8578,12321,356,"5,001,865",India,Internet_and_Telecom/File_Sharing,0:05:44,6.22,$472.68,,,
300mbfilms.co,7953,18350,454,"4,908,350",Malawi,Arts_and_Entertainment/Movies,0:03:44,2.73,$302.04,,,
songs.pk,10858,17474,356,"4,691,004",India,Arts_and_Entertainment/Music_and_Audio,0:01:57,2.86,$150.77,,,
putlockerhd.is,16391,22973,840,"4,614,434",United States,Arts_and_Entertainment/TV_and_Video,0:03:47,2.37,$287.75,,,
torrentkitty.tv,14524,14253,156,"4,403,134",China,Internet_and_Telecom/File_Sharing,0:04:54,4.86,$355.62,,,
hugogloss.com,62577,25079,76,"4,376,818",Brazil,Arts_and_Entertainment,0:01:15,1.38,$90.18,,,
livehd7.com,29214,22961,682,"4,290,916",Saudi Arabia,Arts_and_Entertainment/TV_and_Video,0:03:48,2.67,$268.76,,,
starsunfolded.com,16837,22647,356,"4,217,069",India,Arts_and_Entertainment/Celebrities_and_Entertainment_News,0:02:04,1.99,$143.65,,,
seriesfree.to,12791,18838,840,"4,196,295",United States,Arts_and_Entertainment/TV_and_Video,0:06:53,4.10,$476.09,,,
kir2kos.net,56023,14562,364,"3,546,577",Iran,Unknown,0:06:45,7.35,$394.59,,,
teutorrent.com,13926,18463,76,"3,506,603",Brazil,Internet_and_Telecom/File_Sharing,0:03:34,4.37,$206.15,,,
thetypicalindian.in,13091,24668,356,"3,184,837",India,News_and_Media,0:01:49,2.92,$95.37,,,
vidpoviday.com,68915,39941,804,"3,070,152",Ukraine,Health,0:01:04,1.25,$53.98,,,
rat.xxx,44731,23893,276,"3,044,075",Germany,Adult,0:06:39,4.56,$333.66,,,
youjizz.bz,43445,18254,792,"2,999,199",Turkey,Adult,0:07:47,7.91,$384.77,,,
utaseries.com,21198,30430,764,"2,966,685",Thailand,Arts_and_Entertainment/TV_and_Video,0:03:46,2.51,$184.19,,,
cnhv.co,22907,36719,76,"2,887,537",Brazil,Finance/Investing,0:02:37,1.65,$124.54,,,
likenaavu.com,42990,25723,643,"2,862,411",Russian Federation,Business_and_Industry/Marketing_and_Advertising,0:03:40,4.00,$172.99,,,
songspk.io,25841,24414,356,"2,843,335",India,Arts_and_Entertainment/Music_and_Audio,0:02:29,3.76,$116.38,,,
urlgalleries.net,26760,16178,840,"2,663,200",United States,Adult,0:09:15,11.80,$406.04,,,
fastpiratebay.co.uk,18243,24071,356,"2,655,505",India,Internet_and_Telecom/File_Sharing,0:04:40,5.51,$204.26,,,
bg-gledai.tv,46221,34028,100,"2,526,503",Bulgaria,Arts_and_Entertainment/TV_and_Video,0:04:46,3.37,$198.50,,,
sistemguruonline.my,46029,37264,458,"2,502,725",Malaysia,Arts_and_Entertainment/Music_and_Audio,0:02:02,1.79,$83.88,,,
moviecorner.com,16866,46489,76,"2,409,777",Brazil,Arts_and_Entertainment/Movies,0:03:53,1.64,$154.24,,,
couchtuner.fr,36503,40818,826,"2,409,660",United Kingdom,Arts_and_Entertainment/TV_and_Video,0:02:27,2.12,$97.31,,,
mekshat.com,42812,43407,682,"2,399,722",Saudi Arabia,Science/Social_Sciences,0:01:41,1.57,$66.58,,,
mp3.support,56518,26592,792,"2,376,061",Turkey,Arts_and_Entertainment/TV_and_Video,0:04:17,4.70,$167.75,,,
milversite.me,27866,29875,688,"2,372,617",Serbia,Business_and_Industry,0:03:43,4.45,$145.35,,,
141jav.com,14452,19544,392,"2,324,796",Japan,Adult,0:08:49,10.59,$337.85,,,
ukr-biz.com.ua,38365,49638,804,"2,293,457",Ukraine,News_and_Media,0:00:56,1.17,$35.28,,,
mirknig.su,13644,25083,643,"2,267,136",Russian Federation,Internet_and_Telecom/File_Sharing,0:05:34,6.48,$208.02,,,
obviousmag.org,53330,48232,76,"2,266,902",Brazil,News_and_Media/Magazines_and_E-Zines,0:01:27,1.37,$54.18,,,
zira.online,62106,38298,376,"2,225,612",Israel,Arts_and_Entertainment,0:07:40,3.63,$281.24,,,
moviecarpet.com,13333,47249,76,"2,208,644",Brazil,Arts_and_Entertainment/Movies,0:04:07,1.68,$149.86,,,
kisshentai.net,36235,26125,840,"2,181,968",United States,Adult,0:05:46,6.24,$207.40,,,
jornalivre.com,45568,45952,76,"2,138,973",Brazil,News_and_Media/Newspapers,0:01:22,1.49,$48.18,,,
booksonline.com.ua,45850,26115,643,"2,108,968",Russian Federation,Arts_and_Entertainment,0:22:22,7.24,$777.50,,,
ebook.bike,39734,20709,840,"2,099,765",United States,Books_and_Literature/E-Books,0:08:10,13.19,$282.65,,,
sdarot.pm,46134,40231,376,"2,039,014",Israel,Arts_and_Entertainment/TV_and_Video,0:06:44,3.55,$226.30,,,
filmbirodalmak.com,55571,49039,348,"1,968,355",Hungary,Arts_and_Entertainment/Movies,0:03:04,1.94,$99.49,,,
piratebay.red,18666,34333,356,"1,959,384",India,Internet_and_Telecom/File_Sharing,0:06:00,5.05,$193.78,,,
gameofscanlation.moe,45520,48093,840,"1,944,693",United States,Books_and_Literature/E-Books,0:03:15,2.20,$104.17,,,
alibabaru.com,24560,55257,804,"1,942,780",Ukraine,Business_and_Industry,0:03:33,1.40,$113.68,,,
xclusivejams2.com,33608,36988,840,"1,877,459",United States,Arts_and_Entertainment/Music_and_Audio,0:05:45,4.27,$177.94,,,
urbanproxy.eu,17089,33299,356,"1,856,606",India,Internet_and_Telecom/File_Sharing,0:04:02,5.09,$123.43,,,
navbug.com,83209,41663,840,"1,842,890",United States,News_and_Media,0:01:28,2.48,$44.55,,,
browsermine.com,20274,42997,643,"1,836,437",Russian Federation,Finance/Investing,0:06:44,3.33,$203.81,,,
yifytorrent.xyz,22419,36652,356,"1,834,239",India,Internet_and_Telecom/File_Sharing,0:02:36,4.27,$78.61,,,
orabote.top,35431,35583,643,"1,830,857",Russian Federation,Career_and_Education/Jobs_and_Employment,0:03:30,3.79,$105.62,,,
couch-tuner.fr,23605,47003,826,"1,786,656",United Kingdom,Arts_and_Entertainment/TV_and_Video,0:03:52,2.68,$113.87,,,
darkumbra.net,75118,34546,840,"1,748,336",United States,People_and_Society,0:09:12,7.37,$265.12,,,
musicoye.com,77530,59788,356,"1,727,650",India,Arts_and_Entertainment/Music_and_Audio,0:01:00,1.53,$28.48,,,
123moviesfull.co,31611,42002,840,"1,719,863",United States,Arts_and_Entertainment/TV_and_Video,0:04:30,4.05,$127.57,,,
yifytorrent.me,24541,42224,356,"1,715,180",India,Internet_and_Telecom/File_Sharing,0:02:49,3.52,$79.63,,,
mycouchtuner.nu,30029,60428,826,"1,696,020",United Kingdom,Arts_and_Entertainment/TV_and_Video,0:05:51,1.83,$163.54,,,
excite.co.uk,66087,63817,826,"1,686,020",United Kingdom,Internet_and_Telecom/Search_Engine,0:02:29,1.77,$69.01,,,
ajanspor7.tv,59371,46235,792,"1,665,164",Turkey,Arts_and_Entertainment/TV_and_Video,0:10:31,3.31,$288.64,,,
unblockedbay.info,35876,36773,356,"1,658,460",India,Travel,0:04:12,6.16,$114.81,,,
upic.me,81274,52127,764,"1,649,995",Thailand,Internet_and_Telecom/Web_Hosting,0:01:50,1.92,$49.86,,,
pornspark.com,70565,45269,840,"1,645,335",United States,Adult,0:03:16,3.58,$88.59,,,
wallpaperweb.org,35256,60416,840,"1,590,691",United States,Computer_and_Electronics/Software,0:00:46,1.88,$20.10,,,
series-cravings.tv,56631,54545,840,"1,589,855",United States,Arts_and_Entertainment/TV_and_Video,0:01:53,2.67,$49.35,,,
coin-hive.com,20011,34561,840,"1,551,305",United States,Finance/Investing,0:07:15,6.31,$185.38,,,
javpob.com,78120,33581,764,"1,544,674",Thailand,Adult,0:06:23,6.01,$162.52,,,
123movies.re,64077,47839,840,"1,530,058",United States,Arts_and_Entertainment/TV_and_Video,0:03:56,3.75,$99.20,,,
animeai.org,39066,48820,76,"1,527,586",Brazil,Arts_and_Entertainment/TV_and_Video,0:08:03,3.44,$202.69,,,
paperpk.com,9602,39248,586,"1,526,383",Pakistan,Career_and_Education/Jobs_and_Employment,0:04:35,5.33,$115.31,,,
legendasdivx.pt,42000,38348,620,"1,515,474",Portugal,Computer_and_Electronics/Software,0:03:55,5.46,$97.83,,,
1337x.io,30787,50956,356,"1,502,403",India,Internet_and_Telecom/File_Sharing,0:02:52,2.93,$70.99,,,
vshoke.com.ua,57519,73461,804,"1,488,222",Ukraine,News_and_Media,0:00:42,1.18,$17.17,,,
trilulilu.ro,89205,65132,642,"1,485,238",Romania,Arts_and_Entertainment/Humor,0:02:54,2.15,$70.99,,,
bul-tv.com,87996,55922,100,"1,476,751",Bulgaria,Arts_and_Entertainment/TV_and_Video,0:03:07,3.20,$75.86,,,
yts.pe,26431,49568,356,"1,463,317",India,Arts_and_Entertainment/Movies,0:02:50,3.33,$68.34,,,
excite.es,43696,54654,724,"1,416,705",Spain,News_and_Media/Magazines_and_E-Zines,0:01:08,2.42,$26.46,,,
kinogo-2016-net.ru,41091,52322,643,"1,383,913",Russian Federation,Arts_and_Entertainment/Movies,0:01:44,2.85,$39.54,,,
elgoles.ru,47464,68945,484,"1,377,149",Mexico,Arts_and_Entertainment/TV_and_Video,0:01:41,1.52,$38.21,,,
new-rutor.info,30864,68141,643,"1,372,734",Russian Federation,Internet_and_Telecom/File_Sharing,0:00:37,1.48,$13.95,,,
onlyhgames.com,56102,38569,392,"1,344,830",Japan,Adult,0:04:39,6.58,$103.07,,,
pornobmw.video,70974,62296,643,"1,335,620",Russian Federation,Adult,0:02:49,2.27,$62.01,,,
ofx.xyz,37073,58262,643,"1,308,499",Russian Federation,Arts_and_Entertainment/Movies,0:02:19,2.90,$49.96,,,
puffandpass.co.za,33288,59562,710,"1,285,128",South Africa,Career_and_Education/Jobs_and_Employment,0:04:01,2.67,$85.08,,,
hyperproxy.net,18186,42090,36,"1,277,040",Australia,Internet_and_Telecom/File_Sharing,0:04:33,5.94,$95.77,,,
geektvonline.ch,55999,60817,840,"1,262,451",United States,Arts_and_Entertainment/TV_and_Video,0:02:30,2.86,$52.02,,,
javonlines.xyz,61123,63342,764,"1,205,139",Thailand,Adult,0:02:46,2.80,$54.96,,,
cpygames.com,42940,64710,76,"1,200,689",Brazil,Games/Online,0:02:01,2.37,$39.91,,,
ahri8.com,70582,34990,158,"1,188,708",Taiwan,Adult,0:13:02,13.75,$255.36,,,
schoener-fernsehen.com,51622,56394,276,"1,181,097",Germany,Arts_and_Entertainment/TV_and_Video,0:03:45,3.91,$73.00,,,
honeymoney.co.in,46227,57234,76,"1,176,067",Brazil,Finance/Financial_Management,0:04:15,4.02,$82.39,,,
pirateiro.com,24613,67083,356,"1,173,954",India,Arts_and_Entertainment,0:01:58,2.20,$38.05,,,
dogsecrets.ru,93862,78064,643,"1,155,339",Russian Federation,Pets_and_Animals/Pets,0:01:23,1.69,$26.34,,,
onitube.com,41645,66257,840,"1,145,872",United States,Adult,0:03:19,2.93,$62.64,,,
suspendeddomain.org,71042,48668,792,"1,132,180",Turkey,Internet_and_Telecom/Web_Hosting,0:03:31,6.96,$65.63,,,
pestibulvar.hu,68479,85655,348,"1,123,497",Hungary,News_and_Media/Newspapers,0:01:49,1.43,$33.64,,,
beeupload.net,51763,61637,724,"1,115,457",Spain,Internet_and_Telecom/File_Sharing,0:04:10,3.56,$76.61,,,
planet-series.co,39560,65351,250,"1,107,752",France,Internet_and_Telecom/File_Sharing,0:02:06,2.84,$38.34,,,
lyricsfeast.com,96580,99655,380,"1,090,306",Italy,Arts_and_Entertainment/Music_and_Audio,0:00:29,1.33,$8.69,,,
serials-now.ru,87981,56808,643,"1,086,934",Russian Federation,Arts_and_Entertainment/Movies,0:10:51,6.90,$194.38,,,
baixavideos.com.br,71858,61532,76,"1,066,945",Brazil,Arts_and_Entertainment/TV_and_Video,0:04:46,3.34,$83.83,,,
popcorn.rs,64099,63236,688,"1,050,357",Serbia,Business_and_Industry/Industrial_Goods_and_Services,0:02:58,3.36,$51.36,,,
nexplorer.ru,90208,90387,643,"1,037,811",Russian Federation,Shopping/Sports,0:01:04,1.36,$18.25,,,
p2pbg.com,77513,69801,100,"1,037,247",Bulgaria,Internet_and_Telecom/File_Sharing,0:01:56,2.99,$33.05,,,
submanga.com,58923,24111,484,"999,782",Mexico,Arts_and_Entertainment/Animation_and_Comics,0:11:02,34.21,$181.82,,,
bricoseries.tv,99639,82598,32,"997,938",Argentina,Arts_and_Entertainment/TV_and_Video,0:05:23,2.76,$88.55,,,
manhuntdaily.com,72790,86532,840,"956,034",United States,Adult,0:02:12,2.17,$34.67,,,
airline-direct.de,27640,61568,276,"949,405",Germany,Travel/Airlines_and_Airports,0:02:22,4.09,$37.04,,,
sangbadpratidin.in,23615,69617,356,"948,484",India,News_and_Media,0:03:33,3.41,$55.50,,,
cinemaqualidade.to,32065,66484,76,"941,697",Brazil,Arts_and_Entertainment/Movies,0:03:30,4.19,$54.33,,,
malekpour.ir,51223,112568,364,"938,359",Iran,Health,0:02:23,1.61,$36.86,,,
pirateproxy.yt,51529,62085,356,"904,853",India,Internet_and_Telecom/File_Sharing,0:04:37,5.39,$68.85,,,
streamdream.ws,44677,67642,276,"894,269",Germany,Internet_and_Telecom/File_Sharing,0:03:34,4.57,$52.57,,,
365ahri.com,98408,45877,156,"876,483",China,Unknown,0:11:57,15.27,$172.64,,,
thaprachan.com,68539,65298,764,"861,763",Thailand,People_and_Society/Religion_and_Spirituality,0:03:40,4.32,$52.08,,,
quickdrama.com,84436,89517,840,"850,258",United States,Arts_and_Entertainment/TV_and_Video,0:05:14,3.46,$73.34,,,
ganool.li,55855,81678,360,"827,709",Indonesia,Arts_and_Entertainment/Movies,0:02:33,3.35,$34.79,,,
ukpirate.click,43570,69076,356,"825,484",India,Internet_and_Telecom/File_Sharing,0:04:38,5.36,$63.04,,,
theprojectfreetv.co,90308,83897,840,"819,190",United States,Arts_and_Entertainment/TV_and_Video,0:02:10,3.72,$29.26,,,
huefaucet.xyz,77004,57682,76,"819,182",Brazil,Finance/Investing,0:28:38,9.32,$386.62,,,
cocoleech.com,36847,65428,392,"814,602",Japan,Business_and_Industry,0:04:37,4.96,$61.99,,,
putlockerhd.watch,67043,106482,840,"813,129",United States,Arts_and_Entertainment/TV_and_Video,0:02:23,2.04,$31.94,,,
homeporno.org,68096,77158,643,"811,072",Russian Federation,Adult,0:02:44,3.29,$36.54,,,
vksetup.ru,85963,103393,643,"805,074",Russian Federation,Internet_and_Telecom,0:02:58,1.87,$39.37,,,
tubeoffline.to,47135,87163,840,"804,613",United States,Internet_and_Telecom/File_Sharing,0:05:18,3.27,$70.29,,,
indir.com,85574,91260,792,"801,279",Turkey,Computer_and_Electronics/Software,0:01:54,2.40,$25.09,,,
avsubthai.com,94798,71812,764,"789,305",Thailand,Adult,0:04:56,4.17,$64.18,,,
gameofbay.org,72999,76169,36,"787,434",Australia,Internet_and_Telecom/File_Sharing,0:05:42,4.81,$73.98,,,
piratebayproxy.tf,51974,61925,356,"773,216",India,Internet_and_Telecom/File_Sharing,0:05:03,7.08,$64.36,,,
bituniverse.net,67598,55908,76,"742,868",Brazil,Internet_and_Telecom/File_Sharing,0:34:03,10.94,$416.92,,,
ufreetorrent.ru,57406,111435,643,"732,255",Russian Federation,Internet_and_Telecom/File_Sharing,0:01:00,1.72,$12.07,,,
pirate.trade,51800,68124,724,"719,093",Spain,Internet_and_Telecom/File_Sharing,0:05:01,6.36,$59.46,,,
rekkerd.org,81792,122620,840,"714,525",United States,Arts_and_Entertainment/Music_and_Audio,0:01:21,1.73,$15.90,,,
popcornsrbija.com,83056,92443,688,"712,016",Serbia,Arts_and_Entertainment/Movies,0:02:57,3.10,$34.62,,,
pirateproxy.tf,56172,76899,724,"705,841",Spain,Internet_and_Telecom/File_Sharing,0:03:44,5.11,$43.43,,,
allcdcovers.com,76626,77156,840,"698,762",United States,Arts_and_Entertainment/Music_and_Audio,0:02:54,5.96,$33.40,,,
victormatara.com,33485,138152,404,"698,015",Kenya,News_and_Media/Magazines_and_E-Zines,0:00:54,1.38,$10.35,,,
obnovlenie-nod32.com,40454,126332,804,"697,522",Ukraine,Computer_and_Electronics,0:00:39,1.46,$7.47,,,
bunnygo.net,61829,139158,158,"693,436",Taiwan,Arts_and_Entertainment/TV_and_Video,0:01:04,1.27,$12.19,,,
anonfile.com,66257,94687,840,"691,915",United States,Internet_and_Telecom,0:04:28,3.38,$50.94,,,
ukpirate.org,56017,90147,356,"683,438",India,Internet_and_Telecom/File_Sharing,0:03:16,3.88,$36.80,,,
tunesies.pro,78441,110941,840,"661,098",United States,Internet_and_Telecom/File_Sharing,0:01:34,2.29,$17.07,,,
bayimg.com,82859,112229,840,"643,482",United States,Internet_and_Telecom/Web_Hosting,0:00:52,2.15,$9.19,,,
piratebaymirror.eu,82469,97021,826,"633,776",United Kingdom,Internet_and_Telecom/File_Sharing,0:07:04,4.13,$73.82,,,
textarchive.ru,69002,146219,643,"630,760",Russian Federation,Computer_and_Electronics/Programming,0:00:35,1.26,$6.06,,,
solarmovie.today,66520,129632,840,"628,912",United States,Arts_and_Entertainment/TV_and_Video,0:01:40,2.21,$17.28,,,
thepiratebay.uk.net,43970,79327,356,"627,627",India,Arts_and_Entertainment/Celebrities_and_Entertainment_News,0:04:09,5.66,$42.93,,,
billigfluege.de,68366,76352,276,"627,406",Germany,Travel/Airlines_and_Airports,0:05:01,6.47,$51.88,,,
wickets.tv,60193,149827,586,"627,058",Pakistan,Games/Online,0:01:55,1.52,$19.81,,,
unblocktpb.com,60471,81143,356,"623,191",India,Internet_and_Telecom/File_Sharing,0:05:21,5.76,$54.95,,,
claimfreecoins.com,64181,118396,643,"623,163",Russian Federation,Finance/Investing,0:03:51,2.80,$39.54,,,
pastepub.com,65090,136597,360,"613,698",Indonesia,Unknown,0:02:30,1.65,$25.29,,,
jpboy1069.net,49333,103842,392,"611,656",Japan,Adult,0:02:42,3.98,$27.22,,,
browar.bz,45538,123611,643,"586,506",Russian Federation,Internet_and_Telecom/File_Sharing,0:01:59,2.14,$19.17,,,
pochekun.net,93682,155974,804,"578,476",Ukraine,News_and_Media,0:01:10,1.29,$11.12,,,
kissmanga.info,76087,124590,840,"571,590",United States,Arts_and_Entertainment/TV_and_Video,0:01:00,2.16,$9.42,,,
hdm2011.com,93371,64681,158,"555,993",Taiwan,Adult,0:09:20,13.91,$85.53,,,
descargacineclasico.net,71540,122685,724,"553,145",Spain,Arts_and_Entertainment/Movies,0:02:27,2.72,$22.34,,,
scatrina.com,93067,85308,840,"536,588",United States,Adult,0:03:30,7.64,$30.96,,,
pelispedia.org,91862,112383,484,"528,514",Mexico,Business_and_Industry/Construction_and_Maintenance,0:02:23,3.42,$20.76,,,
jsecoin.com,51198,114895,643,"523,134",Russian Federation,Finance/Investing,0:01:38,3.11,$14.08,,,
oleeh.com,96779,121030,840,"509,635",United States,News_and_Media/Newspapers,0:02:42,5.03,$22.68,,,
bigetek.com,82524,182916,364,"504,425",Iran,Computer_and_Electronics/Software,0:01:13,1.61,$10.12,,,
piratebays.co,73064,90053,528,"500,415",Netherlands,Internet_and_Telecom/File_Sharing,0:05:33,6.90,$45.78,,,
flug24.de,44835,113374,276,"497,333",Germany,Travel/Airlines_and_Airports,0:03:34,4.05,$29.24,,,
kinoframe.tv,70214,134671,643,"485,292",Russian Federation,Arts_and_Entertainment/Movies,0:01:58,2.65,$15.73,,,
filmitorrentom.org,74572,154486,643,"462,332",Russian Federation,Arts_and_Entertainment/Movies,0:01:05,2.10,$8.26,,,
pirateproxy.wf,57292,109875,250,"423,760",France,Internet_and_Telecom/File_Sharing,0:04:25,6.14,$30.85,,,
otohits.net,37982,72664,704,"412,093",Viet Nam,Internet_and_Telecom/Chats_and_Forums,0:16:20,19.12,$110.94,,,
jpboy1069.com,85508,229968,392,"410,572",Japan,Adult,0:01:11,1.33,$8.01,,,
rutracker-net.ru,81109,201654,643,"404,407",Russian Federation,Internet_and_Telecom/File_Sharing,0:00:27,1.41,$3.00,,,
resultgovbd.com,70322,269322,50,"399,523",Bangladesh,News_and_Media,0:02:02,1.31,$13.39,,,
kanbilibili.com,50511,170027,156,"397,540",China,Arts_and_Entertainment/TV_and_Video,0:03:19,2.49,$21.73,,,
torlock.club,67287,149338,840,"394,600",United States,Internet_and_Telecom/File_Sharing,0:01:08,2.99,$7.37,,,
adult-channels.com,94395,83478,616,"378,963",Poland,Adult,0:08:18,16.00,$51.84,,,
mp3slash.net,70848,181879,356,"368,659",India,Internet_and_Telecom/Social_Network,0:02:04,2.08,$12.56,,,
kinolook.su,81547,196688,643,"364,556",Russian Federation,Arts_and_Entertainment/TV_and_Video,0:02:46,1.74,$16.62,,,
teachingbd24.com,90024,197563,50,"361,174",Bangladesh,News_and_Media,0:02:31,2.30,$14.98,,,
gceguide.xyz,84262,165717,554,"342,720",New Zealand,Career_and_Education/Education,0:04:29,3.97,$25.33,,,
shopkeeper.ir,23870,233034,364,"338,418",Iran,Shopping/General_Merchandise,0:01:09,2.03,$6.41,,,
graphiran.com,31166,186115,364,"317,812",Iran,Business_and_Industry,0:03:19,3.46,$17.37,,,
wikipidea.info,32217,270264,218,"302,850",Ecuador,People_and_Society,0:00:21,1.07,$1.75,,,
orion-express.ru,79122,119133,643,"298,896",Russian Federation,Arts_and_Entertainment/TV_and_Video,0:08:51,11.09,$43.60,,,
wpde.org,55313,260867,276,"256,002",Germany,Internet_and_Telecom,0:02:55,1.96,$12.31,,,
videotuts.ru,96831,218750,643,"237,164",Russian Federation,Arts_and_Entertainment/Animation_and_Comics,0:02:17,3.60,$8.93,,,
africanmanager.com,45126,172777,788,"230,393",Tunisia,News_and_Media,0:20:44,6.33,$78.73,,,
coinhive.com,35946,190513,840,"192,282",United States,Finance/Investing,0:10:38,8.32,$33.70,,,
thepiratebay-proxy.com,84806,201567,356,"192,123",India,Internet_and_Telecom,0:06:39,6.72,$21.06,,,
ahri-plus.com,79466,246677,158,"163,542",Taiwan,Finance/Investing,0:02:23,8.02,$6.42,,,
adrianocoins.com,41372,274483,76,"119,591",Brazil,Finance/Investing,0:08:29,8.03,$16.72,,,
ratingdada.com,95157,751999,356,"67,074",India,Internet_and_Telecom/Telecommunications,0:02:26,3.03,$2.69,,,
icanig.org,95072,630214,566,"55,111",Nigeria,Finance/Financial_Management,0:06:47,5.21,$6.16,,,
linksgame.com,63100,0,0,0,Unknown,Unknown,0,0.00,$0.00,,,
fuckinhub.com,77215,11570512,690,0,Unknown,Unknown,0,0.00,$0.00,,,
iglobad.com,81107,1214961,764,0,Unknown,Unknown,0,0.00,$0.00,,,
hxyjw.com,96907,1164306,156,0,Unknown,News_and_Media,0,0.00,$0.00,,,
internetnewsportal.com,20183,,,,,Unknown,0,0.00,$0.00,,,
toptweeting.com,25464,,,,,Unknown,0,0.00,$0.00,,,
funmaza.in,37146,,,,,Unknown,0,0.00,$0.00,,,
goowurzdotcom.bid,40860,,,,,Unknown,0,0.00,$0.00,,,
looppng.com,48098,,,,,Unknown,0,0.00,$0.00,,,
hxvdrelj.bid,48158,,,,,Unknown,0,0.00,$0.00,,,
fucktat.com,71293,,,,,Unknown,0,0.00,$0.00,,,